time,dt_win,eps,eps_ratio,eps_tail,eps_tail_ratio,eps_shape,eps_shape_ratio,eps_tail_shape,eps_tail_shape_ratio,dens,upar,energy,emean,drift_dens,drift_upar,drift_energy,drift_emean,axis_rate
  2.5000000E-01,  2.5000000E-01,  0.0000000E+00,  0.0000000E+00,  0.0000000E+00,  0.0000000E+00,  0.0000000E+00,  0.0000000E+00,  0.0000000E+00,  0.0000000E+00,  7.5001916E+19, -3.5007878E+02,  1.7757662E+21,  2.3676277E+01,  0.0000000E+00,  0.0000000E+00,  0.0000000E+00,  0.0000000E+00,  0.0000000E+00
  5.0000000E-01,  2.5000000E-01,  2.9690062E-02,  3.0877311E-02,  4.5555717E-02,  4.7377403E-02,  8.1245185E-03,  8.4494024E-03,  4.1987225E-02,  4.3666214E-02,  7.5003793E+19, -1.8835590E+02,  1.9884931E+21,  2.6511900E+01,  1.0014369E-04,  8.0107438E-01,  4.2791585E-01,  4.2782642E-01,  3.6447926E-02
  7.5000000E-01,  2.5000000E-01,  1.1555537E-02,  1.2017621E-02,  3.0698204E-02,  3.1925766E-02,  1.9994109E-03,  2.0793635E-03,  2.9480786E-02,  3.0659666E-02,  7.5005662E+19,  2.0485079E+02,  2.2099800E+21,  2.9464176E+01,  9.9645323E-05,  1.9087130E+00,  4.0088491E-01,  4.0079525E-01,  1.3392954E-02
  1.0000000E+00,  2.5000000E-01,  7.0082068E-03,  7.2884516E-03,  2.6430893E-02,  2.7487814E-02,  8.6979342E-04,  9.0457479E-04,  2.5834638E-02,  2.6867716E-02,  7.5007541E+19,  6.8200549E+02,  2.4207398E+21,  3.2273286E+01,  1.0019148E-04,  1.4668375E+00,  3.4825693E-01,  3.4816546E-01,  7.9343070E-03
  1.2500000E+00,  2.5000000E-01,  5.0564626E-03,  5.2586609E-03,  2.2928325E-02,  2.3845185E-02,  5.1246484E-04,  5.3295733E-04,  2.2562478E-02,  2.3464708E-02,  7.5009424E+19,  1.1738920E+03,  2.6089792E+21,  3.4782019E+01,  1.0041625E-04,  1.0973082E+00,  2.8860232E-01,  2.8850914E-01,  5.6485074E-03
  1.5000000E+00,  2.5000000E-01,  3.9766791E-03,  4.1356988E-03,  1.9643092E-02,  2.0428582E-02,  3.6542345E-04,  3.8003604E-04,  1.9387450E-02,  2.0162717E-02,  7.5011310E+19,  1.6450308E+03,  2.7719387E+21,  3.6953610E+01,  1.0059877E-04,  8.3232542E-01,  2.3515604E-01,  2.3506135E-01,  4.2755451E-03
  1.7500000E+00,  2.5000000E-01,  3.2647422E-03,  3.3952930E-03,  1.6686028E-02,  1.7353270E-02,  2.8850936E-04,  3.0004629E-04,  1.6493869E-02,  1.7153427E-02,  7.5013196E+19,  2.0775863E+03,  2.9109572E+21,  3.8805935E+01,  1.0054352E-04,  6.4159293E-01,  1.9102781E-01,  1.9093207E-01,  3.6129570E-03
  2.0000000E+00,  2.5000000E-01,  2.7331372E-03,  2.8424301E-03,  1.4114087E-02,  1.4678482E-02,  2.3950529E-04,  2.4908265E-04,  1.3964002E-02,  1.4522395E-02,  7.5015089E+19,  2.4638325E+03,  3.0287671E+21,  4.0375439E+01,  1.0097908E-04,  5.0112918E-01,  1.5558801E-01,  1.5549096E-01,  2.9692636E-03
  2.2500000E+00,  2.5000000E-01,  2.3058725E-03,  2.3980799E-03,  1.1917588E-02,  1.2394150E-02,  2.0348607E-04,  2.1162308E-04,  1.1798062E-02,  1.2269844E-02,  7.5016981E+19,  2.8021671E+03,  3.1283282E+21,  4.1701602E+01,  1.0084578E-04,  3.9555792E-01,  1.2730262E-01,  1.2720498E-01,  2.4532918E-03
  2.5000000E+00,  2.5000000E-01,  1.9481889E-03,  2.0260932E-03,  1.0057300E-02,  1.0459472E-02,  1.7451281E-04,  1.8149124E-04,  9.9613943E-03,  1.0359731E-02,  7.5018873E+19,  3.0946297E+03,  3.2123881E+21,  4.2821066E+01,  1.0089574E-04,  3.1500057E-01,  1.0466963E-01,  1.0457137E-01,  2.1213496E-03
  3.7500000E+00,  1.2500000E+00,  1.1901763E-03,  1.2377691E-03,  6.2142778E-03,  6.4627749E-03,  1.1164851E-04,  1.1611312E-04,  6.1604659E-03,  6.4068111E-03,  7.5028367E+19,  4.0211184E+03,  3.4723110E+21,  4.6279975E+01,  1.0123483E-04,  1.5972937E-01,  5.9884699E-02,  5.9791030E-02,  1.2989546E-03
  5.0000000E+00,  1.2500000E+00,  4.6721602E-04,  4.8589909E-04,  2.6730410E-03,  2.7799308E-03,  5.1805119E-05,  5.3876706E-05,  2.6584778E-03,  2.7647852E-03,  7.5037856E+19,  4.4243557E+03,  3.5846774E+21,  4.7771586E+01,  1.0116488E-04,  6.3961128E-02,  2.5077045E-02,  2.4979038E-02,  5.1880322E-04
  6.2500000E+00,  1.2500000E+00,  1.4654165E-04,  1.5240157E-04,  1.1493392E-03,  1.1952991E-03,  2.3427705E-05,  2.4364534E-05,  1.1478088E-03,  1.1937074E-03,  7.5047332E+19,  4.5983101E+03,  3.6334552E+21,  4.8415514E+01,  1.0101430E-04,  2.6672521E-02,  1.0739702E-02,  1.0640031E-02,  1.6990977E-04
  7.5000000E+00,  1.2500000E+00,  1.1756073E-05,  1.2226176E-05,  4.9481510E-04,  5.1460181E-04,  1.0868426E-05,  1.1303034E-05,  4.9366598E-04,  5.1340674E-04,  7.5056844E+19,  4.6731999E+03,  3.6547068E+21,  4.8692518E+01,  1.0138199E-04,  1.1320418E-02,  4.6518863E-03,  4.5510811E-03,  1.6385374E-05
  8.7500000E+00,  1.2500000E+00,  5.6712507E-05,  5.8980331E-05,  2.2251614E-04,  2.3141414E-04,  5.4071335E-06,  5.6233544E-06,  2.1002827E-04,  2.1842690E-04,  7.5066366E+19,  4.7052038E+03,  3.6640221E+21,  4.8810437E+01,  1.0147814E-04,  4.8086548E-03,  2.0339104E-03,  1.9326774E-03,  5.0101122E-05
  1.0000000E+01,  1.2500000E+00,  8.2954701E-05,  8.6271900E-05,  1.2563802E-04,  1.3066205E-04,  3.0736867E-06,  3.1965975E-06,  8.7007671E-05,  9.0486941E-05,  7.5075890E+19,  4.7186149E+03,  3.6681582E+21,  4.8859337E+01,  1.0148301E-04,  2.0099874E-03,  9.0204629E-04,  8.0066484E-04,  7.9014203E-05
  1.1250000E+01,  1.2500000E+00,  9.4427176E-05,  9.8203138E-05,  1.0371440E-04,  1.0786174E-04,  2.1050801E-06,  2.1892582E-06,  3.3729033E-05,  3.5077792E-05,  7.5085417E+19,  4.7239597E+03,  3.6700463E+21,  4.8878284E+01,  1.0150569E-04,  8.0025577E-04,  4.1158106E-04,  3.1011471E-04,  7.9474149E-05
  1.2500000E+01,  1.2500000E+00,  9.9431792E-05,  1.0340788E-04,  1.0192271E-04,  1.0599841E-04,  1.7156302E-06,  1.7842350E-06,  1.1009251E-05,  1.1449490E-05,  7.5094948E+19,  4.7258041E+03,  3.6709588E+21,  4.8884231E+01,  1.0153721E-04,  2.7605590E-04,  1.9885020E-04,  9.7325345E-05,  1.0919190E-04
